{  
   "baseUnits":[  
      {  
         "partNumber":"879938-B21",
         "status":"OK",
         "attachPattern":{  
            "categories":[  
               {  
                  "optionGroups":[  
                     {  
                        "rank":1,
                        "name":"2 Processors and 64 GB Memory",
                        "attributes":[  
                           {  
                              "name":"CPU Cores",
                              "code":"COR",
                              "value":32,
                              "unit":null
                           },
                           {  
                              "name":"Memory Capacity",
                              "code":"MCAP",
                              "value":64,
                              "unit":"GB"
                           }
                        ],
                        "groupMembers":[  
                           {  
                              "component":"CPU",
                              "partNumber":"826866-B21",
                              "description":"HPE DL380 Gen10 Intel Xeon-G 6130 16-Core (2.10GHz 22MB L3 Cache) Processor Kit",
                              "shortDescription":"HPE DL380 Gen10 Intel Xeon-G 6. . .",
                              "installedQty":2,
                              "memberQty":0
                           },
                           {  
                              "component":"MEM",
                              "partNumber":"815100-B21",
                              "description":"HPE 32GB (1 x 32GB) Dual Rank x4 DDR4-2666 CAS-19-19-19 Registered Memory Kit",
                              "shortDescription":"HPE 32GB (1 x 32GB) Dual Rank . . .",
                              "installedQty":2,
                              "memberQty":0
                           }
                        ]
                     },
                     {  
                        "rank":2,
                        "name":"2 Processors and 128 GB Memory",
                        "attributes":[  
                           {  
                              "name":"CPU Cores",
                              "code":"COR",
                              "value":32,
                              "unit":null
                           },
                           {  
                              "name":"Memory Capacity",
                              "code":"MCAP",
                              "value":128,
                              "unit":"GB"
                           }
                        ],
                        "groupMembers":[  
                           {  
                              "component":"CPU",
                              "partNumber":"826866-B21",
                              "description":"HPE DL380 Gen10 Intel Xeon-G 6130 16-Core (2.10GHz 22MB L3 Cache) Processor Kit",
                              "shortDescription":"HPE DL380 Gen10 Intel Xeon-G 6. . .",
                              "installedQty":2,
                              "memberQty":0
                           },
                           {  
                              "component":"MEM",
                              "partNumber":"815100-B21",
                              "description":"HPE 32GB (1 x 32GB) Dual Rank x4 DDR4-2666 CAS-19-19-19 Registered Memory Kit",
                              "shortDescription":"HPE 32GB (1 x 32GB) Dual Rank . . .",
                              "installedQty":2,
                              "memberQty":2
                           }
                        ]
                     },
                     {  
                        "rank":3,
                        "name":"2 Processors and 256 GB Memory",
                        "attributes":[  
                           {  
                              "name":"CPU Cores",
                              "code":"COR",
                              "value":32,
                              "unit":null
                           },
                           {  
                              "name":"Memory Capacity",
                              "code":"MCAP",
                              "value":256,
                              "unit":"GB"
                           }
                        ],
                        "groupMembers":[  
                           {  
                              "component":"CPU",
                              "partNumber":"826866-B21",
                              "description":"HPE DL380 Gen10 Intel Xeon-G 6130 16-Core (2.10GHz 22MB L3 Cache) Processor Kit",
                              "shortDescription":"HPE DL380 Gen10 Intel Xeon-G 6. . .",
                              "installedQty":2,
                              "memberQty":0
                           },
                           {  
                              "component":"MEM",
                              "partNumber":"815100-B21",
                              "description":"HPE 32GB (1 x 32GB) Dual Rank x4 DDR4-2666 CAS-19-19-19 Registered Memory Kit",
                              "shortDescription":"HPE 32GB (1 x 32GB) Dual Rank . . .",
                              "installedQty":2,
                              "memberQty":6
                           }
                        ]
                     }
                  ],
                  "options":[  

                  ],
                  "components":[  
                     {  
                        "code":"CPU",
                        "rank":1,
                        "maxQty":2,
                        "keyAttribute":"COR"
                     },
                     {  
                        "code":"MEM",
                        "rank":2,
                        "maxQty":24,
                        "keyAttribute":"MCAP"
                     }
                  ],
                  "code":"CPU_MEM",
                  "name":"Processor and Memory",
                  "rank":1,
                  "mode":"group",
                  "minQty":null,
                  "maxQty":null,
                  "increment":null,
                  "keyAttribute":null
               },
               {  
                  "optionGroups":null,
                  "options":[  
                     {  
                        "rank":1,
                        "partNumber":"872477-B21",
                        "description":"HPE 600GB 12G 10k rpm HPL SAS SFF (2.5in) Smart Carrier ENT 3yr Wty Digitally Signed Firmware HDD",
                        "shortDescription":"HPE 600GB 12G 10k rpm HPL SAS . . .",
                        "installedQty":0,
                        "attributes":[  
                           {  
                              "name":"Capacity",
                              "code":"SCAP",
                              "value":600,
                              "unit":"GB"
                           }
                        ]
                     },
                     {  
                        "rank":2,
                        "partNumber":"872475-B21",
                        "description":"HPE 300GB 12G 10k rpm HPL SAS SFF (2.5in) Smart Carrier ENT 3yr Wty Digitally Signed Firmware HDD",
                        "shortDescription":"HPE 300GB 12G 10k rpm HPL SAS . . .",
                        "installedQty":0,
                        "attributes":[  
                           {  
                              "name":"Capacity",
                              "code":"SCAP",
                              "value":300,
                              "unit":"GB"
                           }
                        ]
                     },
                     {  
                        "rank":3,
                        "partNumber":"872479-B21",
                        "description":"HPE 1.2TB 12G 10k rpm HPL SAS SFF (2.5in) Smart Carrier ENT 3 Year Wty Digitally Signed Firmware Hard Drive",
                        "shortDescription":"HPE 1.2TB 12G 10k rpm HPL SAS . . .",
                        "installedQty":0,
                        "attributes":[  
                           {  
                              "name":"Capacity",
                              "code":"SCAP",
                              "value":1200,
                              "unit":"GB"
                           }
                        ]
                     },
                     {  
                        "rank":4,
                        "partNumber":"655710-B21",
                        "description":"HP 1TB 6G 7.2k rpm HPL SATA SFF (2.5in) Smart Carrier MDL 1Yr Wty Hard Drive",
                        "shortDescription":"HP 1TB 6G 7.2k rpm HPL SATA SF. . .",
                        "installedQty":0,
                        "attributes":[  
                           {  
                              "name":"Capacity",
                              "code":"SCAP",
                              "value":1024,
                              "unit":"GB"
                           }
                        ]
                     },
                     {  
                        "rank":5,
                        "partNumber":"870753-B21",
                        "description":"HPE 300GB 12G 15k rpm HPL SAS SFF (2.5in) Smart Carrier ENT 3yr Wty Digitally Signed Firmware HDD",
                        "shortDescription":"HPE 300GB 12G 15k rpm HPL SAS . . .",
                        "installedQty":0,
                        "attributes":[  
                           {  
                              "name":"Capacity",
                              "code":"SCAP",
                              "value":300,
                              "unit":"GB"
                           }
                        ]
                     },
                     {  
                        "rank":6,
                        "partNumber":"765455-B21",
                        "description":"HPE 2TB 6G 7.2k rpm HPL SATA SFF (2.5in) Smart Carrier 512e Hard Disk Drive",
                        "shortDescription":"HPE 2TB 6G 7.2k rpm HPL SATA S. . .",
                        "installedQty":0,
                        "attributes":[  
                           {  
                              "name":"Capacity",
                              "code":"SCAP",
                              "value":2048,
                              "unit":"GB"
                           }
                        ]
                     },
                     {  
                        "rank":7,
                        "partNumber":"868814-B21",
                        "description":"HPE 240GB 6G SATA SFF (2.5in) Read Intensive SC 3yr Warranty Digitally Signed Firmware Solid State Drive",
                        "shortDescription":"HPE 240GB 6G SATA SFF (2.5in) . . .",
                        "installedQty":0,
                        "attributes":[  
                           {  
                              "name":"Capacity",
                              "code":"SCAP",
                              "value":240,
                              "unit":"GB"
                           }
                        ]
                     },
                     {  
                        "rank":8,
                        "partNumber":"870757-B21",
                        "description":"HPE 600GB 12G 15k rpm HPL SAS SFF (2.5in) Smart Carrier ENT 3yr Wty Digitally Signed Firmware HDD",
                        "shortDescription":"HPE 600GB 12G 15k rpm HPL SAS . . .",
                        "installedQty":0,
                        "attributes":[  
                           {  
                              "name":"Capacity",
                              "code":"SCAP",
                              "value":600,
                              "unit":"GB"
                           }
                        ]
                     },
                     {  
                        "rank":9,
                        "partNumber":"872344-B21",
                        "description":"HPE 480GB 6G SATA SFF (2.5in) Mixed Use Smart Carrier 3yr Warranty Digitally Signed Firmware Solid State Drive",
                        "shortDescription":"HPE 480GB 6G SATA SFF (2.5in) . . .",
                        "installedQty":0,
                        "attributes":[  
                           {  
                              "name":"Capacity",
                              "code":"SCAP",
                              "value":480,
                              "unit":"GB"
                           }
                        ]
                     },
                     {  
                        "rank":10,
                        "partNumber":"765466-B21",
                        "description":"HPE 2TB 12G 7.2k rpm HPL SAS SFF (2.5in) Smart Carrier 512e Hard Disk Drive",
                        "shortDescription":"HPE 2TB 12G 7.2k rpm HPL SAS S. . .",
                        "installedQty":0,
                        "attributes":[  
                           {  
                              "name":"Capacity",
                              "code":"SCAP",
                              "value":2048,
                              "unit":"GB"
                           }
                        ]
                     }
                  ],
                  "components":null,
                  "code":"DRV",
                  "name":"Internal Storage",
                  "rank":2,
                  "mode":"multi",
                  "minQty":0,
                  "maxQty":8,
                  "increment":1,
                  "keyAttribute":"SCAP"
               },
               {  
                  "optionGroups":null,
                  "options":[  
                     {  
                        "rank":1,
                        "partNumber":"P00487-B21",
                        "description":"Microsoft Windows Server 2016 (16-Core) Standard ROK English Software",
                        "shortDescription":"Microsoft Windows Server 2016 . . .",
                        "installedQty":0,
                        "attributes":[  

                        ]
                     },
                     {  
                        "rank":2,
                        "partNumber":"P00488-B21",
                        "description":"Microsoft Windows Server 2016 (16-Core) Datacentre ROK English Software",
                        "shortDescription":"Microsoft Windows Server 2016 . . .",
                        "installedQty":0,
                        "attributes":[  

                        ]
                     },
                     {  
                        "rank":3,
                        "partNumber":"871158-DN1",
                        "description":"Microsoft Windows Server 2016 (4-Core) Standard Additional Licence AMS Software",
                        "shortDescription":"Microsoft Windows Server 2016 . . .",
                        "installedQty":0,
                        "attributes":[  

                        ]
                     },
                     {  
                        "rank":4,
                        "partNumber":"871157-DN1",
                        "description":"Microsoft Windows Server 2016 (16-Core) Standard Additional Licence AMS Software",
                        "shortDescription":"Microsoft Windows Server 2016 . . .",
                        "installedQty":0,
                        "attributes":[  

                        ]
                     },
                     {  
                        "rank":5,
                        "partNumber":"P00489-B21",
                        "description":"Microsoft Windows Server 2016 (16-Core) Datacentre Reassign ROK English Software",
                        "shortDescription":"Microsoft Windows Server 2016 . . .",
                        "installedQty":0,
                        "attributes":[  

                        ]
                     }
                  ],
                  "components":null,
                  "code":"OS",
                  "name":"Operating System",
                  "rank":3,
                  "mode":"single",
                  "minQty":0,
                  "maxQty":1,
                  "increment":1,
                  "keyAttribute":null
               },
               {  
                  "optionGroups":null,
                  "options":[  
                     {  
                        "rank":1,
                        "partNumber":"H8QP7E",
                        "description":"HPE 3 Year Foundation Care 24x7 DL38x Gen10 Service",
                        "shortDescription":"HPE 3 Year Foundation Care 24x. . .",
                        "installedQty":0,
                        "attributes":[  

                        ]
                     },
                     {  
                        "rank":2,
                        "partNumber":"H8QN6E",
                        "description":"HPE 3 Year Foundation Care Next Business Day DL38x Gen10 Service",
                        "shortDescription":"HPE 3 Year Foundation Care Nex. . .",
                        "installedQty":0,
                        "attributes":[  

                        ]
                     },
                     {  
                        "rank":3,
                        "partNumber":"H8QQ0E",
                        "description":"HPE 3 Year Proactive Care 24x7 DL38x Gen10 Service",
                        "shortDescription":"HPE 3 Year Proactive Care 24x7. . .",
                        "installedQty":0,
                        "attributes":[  

                        ]
                     },
                     {  
                        "rank":4,
                        "partNumber":"H8QV5E",
                        "description":"HPE 5 Year Foundation Care 24x7 DL38x Gen10 Service",
                        "shortDescription":"HPE 5 Year Foundation Care 24x. . .",
                        "installedQty":0,
                        "attributes":[  

                        ]
                     },
                     {  
                        "rank":5,
                        "partNumber":"H8QU4E",
                        "description":"HPE 5 Year Foundation Care Next Business Day DL38x Gen10 Service",
                        "shortDescription":"HPE 5 Year Foundation Care Nex. . .",
                        "installedQty":0,
                        "attributes":[  

                        ]
                     }
                  ],
                  "components":null,
                  "code":"SUP",
                  "name":"Support",
                  "rank":4,
                  "mode":"single",
                  "minQty":0,
                  "maxQty":1,
                  "increment":1,
                  "keyAttribute":null
               }
            ]
         }
      }
   ],
   "requestID":""
}