{
   "baseUnits": [
      {
         "partNumber": "JH145A",
         "offerCode": "offer_73041",
         "shopName": "INSIGHT",
         "price": 4239.99000000,
         "status": "OK",
         "attachPattern": {
            "categories": [
               {
                  "optionGroups": [],
                  "options": [
                     {
                        "rank": 1,
                        "partNumber": "JD362B",
                        "offerCode": "offer_76105",
                        "shopName": "INSIGHT",
                        "description": "HPE X361 150W AC Power Supply",
                        "shortDescription": "HPE X361 150W AC Power Supply. . .",
                        "installedQty": 0,
                        "memberQty": null,
                        "price": 342.99000000,
                        "assemblyFee": 75.0,
                        "attributes": [
                           {
                              "name": "Capacity",
                              "code": "WAT",
                              "value": 0,
                              "unit": null
                           }
                        ]
                     },
                     {
                        "rank": 2,
                        "partNumber": "JD366B",
                        "offerCode": "offer_73497",
                        "shopName": "INSIGHT",
                        "description": "HPE X361 150W DC Power Supply",
                        "shortDescription": "HPE X361 150W DC Power Supply. . .",
                        "installedQty": 0,
                        "memberQty": null,
                        "price": 610.99000000,
                        "assemblyFee": 75.0,
                        "attributes": [
                           {
                              "name": "Capacity",
                              "code": "WAT",
                              "value": 0,
                              "unit": null
                           }
                        ]
                     }
                  ],
                  "components": [],
                  "code": "PSU",
                  "name": "Power Supply",
                  "rank": 1,
                  "mode": "single",
                  "minQty": 0,
                  "maxQty": 2,
                  "increment": 1,
                  "keyAttribute": "WAT"
               },
               {
                  "optionGroups": [],
                  "options": [
                     {
                        "rank": 1,
                        "partNumber": "JH155A",
                        "offerCode": "offer_74599",
                        "shopName": "INSIGHT",
                        "description": "HPE 5510 2-port QSFP+ Module",
                        "shortDescription": "HPE 5510 2-port QSFP+ Modu. . .",
                        "installedQty": 0,
                        "memberQty": null,
                        "price": 1419.99000000,
                        "assemblyFee": 75.0,
                        "attributes": []
                     },
                     {
                        "rank": 3,
                        "partNumber": "JH156A",
                        "offerCode": "offer_76051",
                        "shopName": "INSIGHT",
                        "description": "HPE 5130/5510 10GBASE-T 2p Module",
                        "shortDescription": "HPE 5130/5510 10GBASE-T 2p Mod. . .",
                        "installedQty": 0,
                        "memberQty": null,
                        "price": 1145.99000000,
                        "assemblyFee": 75.0,
                        "attributes": []
                     },
                     {
                        "rank": 2,
                        "partNumber": "JH157A",
                        "offerCode": "offer_79031",
                        "shopName": "INSIGHT",
                        "description": "HPE 5130/5510 10GbE SFP+ 2p Module",
                        "shortDescription": "HPE 5130/5510 10GbE SFP+ 2. . .",
                        "installedQty": 0,
                        "memberQty": null,
                        "price": 1145.99000000,
                        "assemblyFee": 75.0,
                        "attributes": []
                     }
                  ],
                  "components": [],
                  "code": "MOD",
                  "name": "Expansion Modules",
                  "rank": 2,
                  "mode": "multi",
                  "minQty": 0,
                  "maxQty": 1,
                  "increment": 1,
                  "keyAttribute": null
               },
               {
                  "optionGroups": [],
                  "options": [
                     {
                        "rank": 3,
                        "partNumber": "JD092B",
                        "offerCode": "offer_57404",
                        "shopName": "INSIGHT",
                        "description": "HP X130 SFP+ LC SR Transceiver",
                        "shortDescription": "HP X130 SFP+ LC SR Transce. . .",
                        "installedQty": 0,
                        "memberQty": null,
                        "price": 949.99000000,
                        "assemblyFee": 75.0,
                        "attributes": []
                     },
                     {
                        "rank": 4,
                        "partNumber": "JD095C",
                        "offerCode": "offer_57155",
                        "shopName": "INSIGHT",
                        "description": "HP X240 SFP+ SFP+ 0.65m Direct Attach Cable",
                        "shortDescription": "HP X240 SFP+ SFP+ 0.65. . .",
                        "installedQty": 0,
                        "memberQty": null,
                        "price": 169.99000000,
                        "assemblyFee": 75.0,
                        "attributes": []
                     },
                     {
                        "rank": 2,
                        "partNumber": "JD096C",
                        "offerCode": "offer_56948",
                        "shopName": "INSIGHT",
                        "description": "HP X240 SFP+ SFP+ 1.2m Direct Attach Cable",
                        "shortDescription": "HP X240 SFP+ SFP+ 1.2m. . .",
                        "installedQty": 0,
                        "memberQty": null,
                        "price": 189.99000000,
                        "assemblyFee": 75.0,
                        "attributes": []
                     },
                     {
                        "rank": 1,
                        "partNumber": "JD097C",
                        "offerCode": "offer_57234",
                        "shopName": "INSIGHT",
                        "description": "HP X240 SFP+ SFP+ 3m Direct Attach Cable",
                        "shortDescription": "HP X240 SFP+ SFP+ 3m D. . .",
                        "installedQty": 0,
                        "memberQty": null,
                        "price": 269.99000000,
                        "assemblyFee": 75.0,
                        "attributes": []
                     },
                     {
                        "rank": 5,
                        "partNumber": "JG081C",
                        "offerCode": "offer_57075",
                        "shopName": "INSIGHT",
                        "description": "HPE X240 10G SFP+ SFP+ 5m Direct Attach Cable",
                        "shortDescription": "HPE X240 10G SFP+ SFP+. . .",
                        "installedQty": 0,
                        "memberQty": null,
                        "price": 299.99000000,
                        "assemblyFee": 75.0,
                        "attributes": []
                     }
                  ],
                  "components": [],
                  "code": "XCVR",
                  "name": "Transceivers",
                  "rank": 3,
                  "mode": "multi",
                  "minQty": 0,
                  "maxQty": 999,
                  "increment": 1,
                  "keyAttribute": null
               },
               {
                  "optionGroups": [],
                  "options": [
                     {
                        "rank": 3,
                        "partNumber": "JG326A",
                        "offerCode": "offer_56909",
                        "shopName": "INSIGHT",
                        "description": "HP X240 40G QSFP+ to QSFP+ 1m Direct Attach Copper Cable",
                        "shortDescription": "HP X240 40G QSFP+ to QSFP&. . .",
                        "installedQty": 0,
                        "memberQty": null,
                        "price": 416.99000000,
                        "assemblyFee": 75.0,
                        "attributes": []
                     },
                     {
                        "rank": 4,
                        "partNumber": "JG327A",
                        "offerCode": "offer_57039",
                        "shopName": "INSIGHT",
                        "description": "HP X240 40G QSFP+ to QSFP+ 3m Direct Attach Copper Cable",
                        "shortDescription": "HP X240 40G QSFP+ to QSFP&. . .",
                        "installedQty": 0,
                        "memberQty": null,
                        "price": 535.99000000,
                        "assemblyFee": 75.0,
                        "attributes": []
                     },
                     {
                        "rank": 1,
                        "partNumber": "QK733A",
                        "offerCode": "offer_56861",
                        "shopName": "INSIGHT",
                        "description": "HPE Premier Flex LC/LC Multi-mode OM4 2 fiber 2m Cable",
                        "shortDescription": "HPE Premier Flex LC/LC Multi-m. . .",
                        "installedQty": 0,
                        "memberQty": null,
                        "price": 90.99000000,
                        "assemblyFee": 75.0,
                        "attributes": []
                     },
                     {
                        "rank": 2,
                        "partNumber": "QK734A",
                        "offerCode": "offer_75331",
                        "shopName": "INSIGHT",
                        "description": "HPE Premier Flex LC/LC Multi-mode OM4 2 fiber 5m Cable",
                        "shortDescription": "HPE Premier Flex LC/LC Multi-m. . .",
                        "installedQty": 0,
                        "memberQty": null,
                        "price": 114.99000000,
                        "assemblyFee": 75.0,
                        "attributes": []
                     }
                  ],
                  "components": [],
                  "code": "CAB",
                  "name": "Cables",
                  "rank": 4,
                  "mode": "multi",
                  "minQty": 0,
                  "maxQty": 999,
                  "increment": 1,
                  "keyAttribute": null
               },
               {
                  "optionGroups": [],
                  "options": [
                     {
                        "rank": 1,
                        "partNumber": "H1AH3E",
                        "offerCode": "offer_30807",
                        "shopName": "PCM",
                        "description": "HPE 3 year Foundation Care Next business day DL20 Gen9 Service",
                        "shortDescription": "HPE 3 year Foundation Care Nex. . .",
                        "installedQty": 0,
                        "memberQty": null,
                        "price": 297.00000000,
                        "assemblyFee": null,
                        "attributes": []
                     },
                     {
                        "rank": 3,
                        "partNumber": "H1AH5E",
                        "offerCode": "offer_24154",
                        "shopName": "PCM",
                        "description": "HPE 3 year Proactive Care Next business day DL20 Gen9 Service",
                        "shortDescription": "HPE 3 year Proactive Care Next. . .",
                        "installedQty": 0,
                        "memberQty": null,
                        "price": 602.99000000,
                        "assemblyFee": null,
                        "attributes": []
                     },
                     {
                        "rank": 2,
                        "partNumber": "H1AH9E",
                        "offerCode": "offer_51096",
                        "shopName": "PCM",
                        "description": "HPE 3 year Foundation Care 24x7 DL20 Gen9 Service",
                        "shortDescription": "HPE 3 year Foundation Care 24x. . .",
                        "installedQty": 0,
                        "memberQty": null,
                        "price": 396.99000000,
                        "assemblyFee": null,
                        "attributes": []
                     },
                     {
                        "rank": 5,
                        "partNumber": "H1AL9E",
                        "offerCode": "offer_24902",
                        "shopName": "PCM",
                        "description": "HPE 5 year Foundation Care Next business day DL20 Gen9 Service",
                        "shortDescription": "HPE 5 year Foundation Care Nex. . .",
                        "installedQty": 0,
                        "memberQty": null,
                        "price": 528.99000000,
                        "assemblyFee": null,
                        "attributes": []
                     },
                     {
                        "rank": 4,
                        "partNumber": "H1AM5E",
                        "offerCode": "offer_41285",
                        "shopName": "PCM",
                        "description": "HPE 5 year Foundation Care 24x7 DL20 Gen9 Service",
                        "shortDescription": "HPE 5 year Foundation Care 24x. . .",
                        "installedQty": 0,
                        "memberQty": null,
                        "price": 816.99000000,
                        "assemblyFee": null,
                        "attributes": []
                     }
                  ],
                  "components": [],
                  "code": "SUP",
                  "name": "Support",
                  "rank": 5,
                  "mode": "single",
                  "minQty": 0,
                  "maxQty": 1,
                  "increment": 1,
                  "keyAttribute": null
               },
               {
                  "optionGroups": [],
                  "options": [
                     {
                        "rank": 2,
                        "partNumber": "C7976A",
                        "offerCode": "offer_57327",
                        "shopName": "INSIGHT",
                        "description": "HPE LTO-6 Ultrium 6.25TB RW Data Tape",
                        "shortDescription": "HPE LTO-6 Ultrium 6.25TB RW Da. . .",
                        "installedQty": 0,
                        "memberQty": null,
                        "price": 32.99000000,
                        "assemblyFee": null,
                        "attributes": []
                     },
                     {
                        "rank": 3,
                        "partNumber": "C7977A",
                        "offerCode": "offer_79455",
                        "shopName": "INSIGHT",
                        "description": "HPE LTO-7 Ultrium 15TB RW Data Tape",
                        "shortDescription": "HPE LTO-7 Ultrium 15TB RW Data. . .",
                        "installedQty": 0,
                        "memberQty": null,
                        "price": 80.99000000,
                        "assemblyFee": null,
                        "attributes": []
                     },
                     {
                        "rank": 5,
                        "partNumber": "C7977AN",
                        "offerCode": "offer_71955",
                        "shopName": "INSIGHT",
                        "description": "HPE LTO-7 Ultrium 15 TB RW Non-Custom Labelled Data Cartridge (20 Pack)",
                        "shortDescription": "HPE LTO-7 Ultrium 15 TB RW Non. . .",
                        "installedQty": 0,
                        "memberQty": null,
                        "price": 2168.99000000,
                        "assemblyFee": null,
                        "attributes": []
                     },
                     {
                        "rank": 1,
                        "partNumber": "C7978A",
                        "offerCode": "offer_57087",
                        "shopName": "INSIGHT",
                        "description": "HPE Ultrium Universal Cleaning Cartridge",
                        "shortDescription": "HPE Ultrium Universal Cleaning. . .",
                        "installedQty": 0,
                        "memberQty": null,
                        "price": 71.99000000,
                        "assemblyFee": null,
                        "attributes": []
                     },
                     {
                        "rank": 4,
                        "partNumber": "Q2078A",
                        "offerCode": "offer_87064",
                        "shopName": "INSIGHT",
                        "description": "HPE LTO-8 Ultrium 30TB RW Data Tape",
                        "shortDescription": "HPE LTO-8 Ultrium 30TB RW Data. . .",
                        "installedQty": 0,
                        "memberQty": null,
                        "price": 191.99000000,
                        "assemblyFee": null,
                        "attributes": []
                     }
                  ],
                  "components": [],
                  "code": "MED",
                  "name": "Media",
                  "rank": 2,
                  "mode": "multi",
                  "minQty": 0,
                  "maxQty": 999,
                  "increment": 1,
                  "keyAttribute": null
               },
               {
                  "optionGroups": [],
                  "options": [
                     {
                        "rank": 4,
                        "partNumber": "C0H27A",
                        "offerCode": "offer_56987",
                        "shopName": "INSIGHT",
                        "description": "HPE MSL LTO-6 Ultrium 6250 SAS Drive Upgrade Kit",
                        "shortDescription": "HPE MSL LTO-6 Ultrium 6250 SAS. . .",
                        "installedQty": 0,
                        "memberQty": null,
                        "price": 3344.99000000,
                        "assemblyFee": null,
                        "attributes": [
                           {
                              "name": "Capacity",
                              "code": "SCAP",
                              "value": 6250,
                              "unit": "GB"
                           }
                        ]
                     },
                     {
                        "rank": 5,
                        "partNumber": "N7P36A",
                        "offerCode": "offer_72209",
                        "shopName": "INSIGHT",
                        "description": "HPE MSL LTO-7 Ultrium 15000 FC Drive Upgrade Kit",
                        "shortDescription": "HPE MSL LTO-7 Ultrium 15000 FC. . .",
                        "installedQty": 0,
                        "memberQty": null,
                        "price": 3945.99000000,
                        "assemblyFee": null,
                        "attributes": [
                           {
                              "name": "Capacity",
                              "code": "SCAP",
                              "value": 15000,
                              "unit": "GB"
                           }
                        ]
                     },
                     {
                        "rank": 1,
                        "partNumber": "N7P37A",
                        "offerCode": "offer_75393",
                        "shopName": "INSIGHT",
                        "description": "HPE MSL LTO-7 Ultrium 15000 SAS Drive Upgrade Kit",
                        "shortDescription": "HPE MSL LTO-7 Ultrium 15000 SA. . .",
                        "installedQty": 0,
                        "memberQty": null,
                        "price": 4268.99000000,
                        "assemblyFee": null,
                        "attributes": [
                           {
                              "name": "Capacity",
                              "code": "SCAP",
                              "value": 15000,
                              "unit": "GB"
                           }
                        ]
                     }
                  ],
                  "components": [],
                  "code": "TAP",
                  "name": "Additional Drives",
                  "rank": 1,
                  "mode": "multi",
                  "minQty": 0,
                  "maxQty": 12,
                  "increment": 1,
                  "keyAttribute": "SCAP"
               },
               {
                  "optionGroups": [],
                  "options": [
                     {
                        "rank": 3,
                        "partNumber": "U2E45E",
                        "offerCode": "offer_41615",
                        "shopName": "PCM",
                        "description": "HPE 3 year Proactive Care 24x7 D2000 Disk Enclosure Jointware Service",
                        "shortDescription": "HPE 3 year Proactive Care 24x7. . .",
                        "installedQty": 0,
                        "memberQty": null,
                        "price": 2329.99000000,
                        "assemblyFee": null,
                        "attributes": []
                     },
                     {
                        "rank": 1,
                        "partNumber": "U2LA5E",
                        "offerCode": "offer_27165",
                        "shopName": "PCM",
                        "description": "HPE 3 year Foundation Care 24x7 D2000 Service",
                        "shortDescription": "HPE 3 year Foundation Care 24x. . .",
                        "installedQty": 0,
                        "memberQty": null,
                        "price": 1689.99000000,
                        "assemblyFee": null,
                        "attributes": []
                     },
                     {
                        "rank": 2,
                        "partNumber": "U4XY6E",
                        "offerCode": "offer_51480",
                        "shopName": "PCM",
                        "description": "HPE 3 year Foundation Care Next business day D2600 Disk Enclosure Service",
                        "shortDescription": "HPE 3 year Foundation Care Nex. . .",
                        "installedQty": 0,
                        "memberQty": null,
                        "price": 972.99000000,
                        "assemblyFee": null,
                        "attributes": []
                     },
                     {
                        "rank": 5,
                        "partNumber": "U4YB3E",
                        "offerCode": "offer_48265",
                        "shopName": "PCM",
                        "description": "HPE 5 year Foundation Care Next business day D2600 Disk Enclosure Service",
                        "shortDescription": "HPE 5 year Foundation Care Nex. . .",
                        "installedQty": 0,
                        "memberQty": null,
                        "price": 1559.99000000,
                        "assemblyFee": null,
                        "attributes": []
                     },
                     {
                        "rank": 4,
                        "partNumber": "U4YC8E",
                        "offerCode": "offer_55493",
                        "shopName": "PCM",
                        "description": "HPE 3 year Foundation Care Next business day with DMR D2600 Disk Enclosure Service",
                        "shortDescription": "HPE 3 year Foundation Care Nex. . .",
                        "installedQty": 0,
                        "memberQty": null,
                        "price": 1231.99000000,
                        "assemblyFee": null,
                        "attributes": []
                     }
                  ],
                  "components": [],
                  "code": "SUP",
                  "name": "Support",
                  "rank": 2,
                  "mode": "single",
                  "minQty": 0,
                  "maxQty": 1,
                  "increment": 1,
                  "keyAttribute": null
               },
               {
                  "optionGroups": [],
                  "options": [
                     {
                        "rank": 10,
                        "partNumber": "819201-B21",
                        "offerCode": "offer_76555",
                        "shopName": "INSIGHT",
                        "description": "HPE 8TB 12G 7.2k rpm HPL SAS LFF (3.5in) Smart Carrier MDL 512e Hard Drive",
                        "shortDescription": "HPE 8TB 12G 7.2k rpm HPL SAS L. . .",
                        "installedQty": 0,
                        "memberQty": null,
                        "price": 1127.99000000,
                        "assemblyFee": 75.0,
                        "attributes": [
                           {
                              "name": "Capacity",
                              "code": "SCAP",
                              "value": 8192,
                              "unit": "GB"
                           }
                        ]
                     },
                     {
                        "rank": 8,
                        "partNumber": "819203-B21",
                        "offerCode": "offer_77134",
                        "shopName": "INSIGHT",
                        "description": "HPE 8TB 6G 7.2K rpm HPL SATA LFF (3.5in) Smart Carrier 512e Midline 1yr Warranty Hard Disk Drive",
                        "shortDescription": "HPE 8TB 6G 7.2K rpm HPL SATA L. . .",
                        "installedQty": 0,
                        "memberQty": null,
                        "price": 1064.99000000,
                        "assemblyFee": 75.0,
                        "attributes": [
                           {
                              "name": "Capacity",
                              "code": "SCAP",
                              "value": 8192,
                              "unit": "GB"
                           }
                        ]
                     },
                     {
                        "rank": 9,
                        "partNumber": "857644-B21",
                        "offerCode": "offer_78133",
                        "shopName": "INSIGHT",
                        "description": "HPE 10TB 12G 7.2K rpm HPL SAS LFF (3.5in) Smart Carrier 512e Midline 1yr Warranty Hard Disk Drive",
                        "shortDescription": "HPE 10TB 12G 7.2K rpm HPL SAS . . .",
                        "installedQty": 0,
                        "memberQty": null,
                        "price": 1244.99000000,
                        "assemblyFee": 75.0,
                        "attributes": [
                           {
                              "name": "Capacity",
                              "code": "SCAP",
                              "value": 10240,
                              "unit": "GB"
                           }
                        ]
                     },
                     {
                        "rank": 1,
                        "partNumber": "861691-B21",
                        "offerCode": "offer_77294",
                        "shopName": "INSIGHT",
                        "description": "HPE 1TB 6G 7.2K rpm HPL SATA LFF (3.5in) Smart Carrier Midline 1yr Warranty Hard Drive",
                        "shortDescription": "HPE 1TB 6G 7.2K rpm HPL SATA L. . .",
                        "installedQty": 0,
                        "memberQty": null,
                        "price": 165.99000000,
                        "assemblyFee": 75.0,
                        "attributes": [
                           {
                              "name": "Capacity",
                              "code": "SCAP",
                              "value": 1024,
                              "unit": "GB"
                           }
                        ]
                     },
                     {
                        "rank": 7,
                        "partNumber": "861750-B21",
                        "offerCode": "offer_75061",
                        "shopName": "INSIGHT",
                        "description": "HPE 6TB 6G 7.2k rpm HPL SATA LFF (3.5in) Smart Carrier MDL 512e 1yr Wty Digitally Signed Firmware Hard Drive",
                        "shortDescription": "HPE 6TB 6G 7.2k rpm HPL SATA L. . .",
                        "installedQty": 0,
                        "memberQty": null,
                        "price": 821.99000000,
                        "assemblyFee": 75.0,
                        "attributes": [
                           {
                              "name": "Capacity",
                              "code": "SCAP",
                              "value": 6192,
                              "unit": "GB"
                           }
                        ]
                     },
                     {
                        "rank": 6,
                        "partNumber": "872346-B21",
                        "offerCode": "offer_78219",
                        "shopName": "INSIGHT",
                        "description": "HPE 480GB 6G SATA LFF (3.5in) Mixed Use SCC 3yr Wty Digitally Signed Firmware SSD",
                        "shortDescription": "HPE 480GB 6G SATA LFF (3.5in) . . .",
                        "installedQty": 0,
                        "memberQty": null,
                        "price": 536.00000000,
                        "assemblyFee": 75.0,
                        "attributes": [
                           {
                              "name": "Capacity",
                              "code": "SCAP",
                              "value": 480,
                              "unit": "GB"
                           }
                        ]
                     },
                     {
                        "rank": 5,
                        "partNumber": "872485-B21",
                        "offerCode": "offer_73031",
                        "shopName": "INSIGHT",
                        "description": "HPE 2TB 12G 7.2K rpm HPL SAS LFF (3.5in) Smart Carrier Midline 1 Year Warranty Digitally Signed Firmware HDD",
                        "shortDescription": "HPE 2TB 12G 7.2K rpm HPL SAS L. . .",
                        "installedQty": 0,
                        "memberQty": null,
                        "price": 247.99000000,
                        "assemblyFee": 75.0,
                        "attributes": [
                           {
                              "name": "Capacity",
                              "code": "SCAP",
                              "value": 2048,
                              "unit": "GB"
                           }
                        ]
                     },
                     {
                        "rank": 4,
                        "partNumber": "872487-B21",
                        "offerCode": "offer_79381",
                        "shopName": "INSIGHT",
                        "description": "HPE 4TB 12G 7.2K rpm HPL SAS LFF (3.5in) Smart Carrier Midline 1 Year Warranty Digitally Signed Firmware HDD",
                        "shortDescription": "HPE 4TB 12G 7.2K rpm HPL SAS L. . .",
                        "installedQty": 0,
                        "memberQty": null,
                        "price": 639.99000000,
                        "assemblyFee": 75.0,
                        "attributes": [
                           {
                              "name": "Capacity",
                              "code": "SCAP",
                              "value": 4096,
                              "unit": "GB"
                           }
                        ]
                     },
                     {
                        "rank": 3,
                        "partNumber": "872489-B21",
                        "offerCode": "offer_74332",
                        "shopName": "INSIGHT",
                        "description": "HPE 2TB 12G 7.2K rpm HPL SATA LFF (3.5in) Smart Carrier Midline 1 Year Warranty Digitally Signed Firmware HDD",
                        "shortDescription": "HPE 2TB 12G 7.2K rpm HPL SATA . . .",
                        "installedQty": 0,
                        "memberQty": null,
                        "price": 253.99000000,
                        "assemblyFee": 75.0,
                        "attributes": [
                           {
                              "name": "Capacity",
                              "code": "SCAP",
                              "value": 2048,
                              "unit": "GB"
                           }
                        ]
                     },
                     {
                        "rank": 2,
                        "partNumber": "872491-B21",
                        "offerCode": "offer_73257",
                        "shopName": "INSIGHT",
                        "description": "HPE 4TB 6G 7.2K rpm HPL SATA LFF (3.5in) Smart Carrier Midline 1 Year Warranty Digitally Signed Firmware HDD",
                        "shortDescription": "HPE 4TB 6G 7.2K rpm HPL SATA L. . .",
                        "installedQty": 0,
                        "memberQty": null,
                        "price": 275.99000000,
                        "assemblyFee": 75.0,
                        "attributes": [
                           {
                              "name": "Capacity",
                              "code": "SCAP",
                              "value": 4096,
                              "unit": "GB"
                           }
                        ]
                     }
                  ],
                  "components": [],
                  "code": "DRV",
                  "name": "Internal Storage",
                  "rank": 1,
                  "mode": "multi",
                  "minQty": 0,
                  "maxQty": 12,
                  "increment": 1,
                  "keyAttribute": "SCAP"
               },
               {
                  "optionGroups": [],
                  "options": [
                     {
                        "rank": 1,
                        "partNumber": "815097-B21",
                        "offerCode": "offer_84197",
                        "shopName": "PCM",
                        "description": "HPE 8GB (1x8GB) Single Rank x8 DDR4-2666 CAS-19-19-19 Registered Memory Kit",
                        "shortDescription": "HPE 8GB (1x8GB) Single Rank x8. . .",
                        "installedQty": 1,
                        "memberQty": null,
                        "price": 214.99000000,
                        "assemblyFee": null,
                        "attributes": [
                           {
                              "name": "Memory Capacity",
                              "code": "MCAP",
                              "value": 8,
                              "unit": "GB"
                           }
                        ]
                     }
                  ],
                  "components": [],
                  "code": "MEM",
                  "name": "Memory",
                  "rank": 1,
                  "mode": "multi",
                  "minQty": 1,
                  "maxQty": 6,
                  "increment": 1,
                  "keyAttribute": "MCAP"
               },
               {
                  "optionGroups": [
                     {
                        "rank": 1,
                        "name": "1 Processor and 16 GB Memory",
                        "attributes": [
                           {
                              "name": "CPU Cores",
                              "code": "COR",
                              "value": 10,
                              "unit": null
                           },
                           {
                              "name": "Memory Capacity",
                              "code": "MCAP",
                              "value": 16,
                              "unit": "GB"
                           }
                        ],
                        "groupMembers": [
                           {
                              "component": "CPU",
                              "partNumber": "876562-B21",
                              "offerCode": "offer_80265",
                              "shopName": "HP Inc.",
                              "description": "HPE DL380 Gen10 Intel Xeon-G 5115 10-Core (2.40GHz 13.75MB L3 Cache) Processor Kit",
                              "shortDescription": "HPE DL380 Gen10 Intel Xeon-G 5. . .",
                              "installedQty": 1,
                              "memberQty": 0,
                              "price": 2019.00000000,
                              "assemblyFee": 0.0
                           },
                           {
                              "component": "MEM",
                              "partNumber": "835955-B21",
                              "offerCode": "offer_80251",
                              "shopName": "HP Inc.",
                              "description": "HPE 16GB (1x16GB) Dual Rank x8 DDR4-2666 CAS-19-19-19 Registered Memory Kit",
                              "shortDescription": "HPE 16GB (1x16GB) Dual Rank x8. . .",
                              "installedQty": 1,
                              "memberQty": 0,
                              "price": 441.00000000,
                              "assemblyFee": 0.0
                           }
                        ]
                     },
                     {
                        "rank": 2,
                        "name": "1 Processor and 32 GB Memory",
                        "attributes": [
                           {
                              "name": "CPU Cores",
                              "code": "COR",
                              "value": 10,
                              "unit": null
                           },
                           {
                              "name": "Memory Capacity",
                              "code": "MCAP",
                              "value": 32,
                              "unit": "GB"
                           }
                        ],
                        "groupMembers": [
                           {
                              "component": "CPU",
                              "partNumber": "876562-B21",
                              "offerCode": "offer_80265",
                              "shopName": "HP Inc.",
                              "description": "HPE DL380 Gen10 Intel Xeon-G 5115 10-Core (2.40GHz 13.75MB L3 Cache) Processor Kit",
                              "shortDescription": "HPE DL380 Gen10 Intel Xeon-G 5. . .",
                              "installedQty": 1,
                              "memberQty": 0,
                              "price": 2019.00000000,
                              "assemblyFee": 0.0
                           },
                           {
                              "component": "MEM",
                              "partNumber": "835955-B21",
                              "offerCode": "offer_80251",
                              "shopName": "HP Inc.",
                              "description": "HPE 16GB (1x16GB) Dual Rank x8 DDR4-2666 CAS-19-19-19 Registered Memory Kit",
                              "shortDescription": "HPE 16GB (1x16GB) Dual Rank x8. . .",
                              "installedQty": 1,
                              "memberQty": 1,
                              "price": 441.00000000,
                              "assemblyFee": 0.0
                           }
                        ]
                     },
                     {
                        "rank": 3,
                        "name": "1 Processor and 64 GB Memory",
                        "attributes": [
                           {
                              "name": "CPU Cores",
                              "code": "COR",
                              "value": 10,
                              "unit": null
                           },
                           {
                              "name": "Memory Capacity",
                              "code": "MCAP",
                              "value": 64,
                              "unit": "GB"
                           }
                        ],
                        "groupMembers": [
                           {
                              "component": "CPU",
                              "partNumber": "876562-B21",
                              "offerCode": "offer_80265",
                              "shopName": "HP Inc.",
                              "description": "HPE DL380 Gen10 Intel Xeon-G 5115 10-Core (2.40GHz 13.75MB L3 Cache) Processor Kit",
                              "shortDescription": "HPE DL380 Gen10 Intel Xeon-G 5. . .",
                              "installedQty": 1,
                              "memberQty": 0,
                              "price": 2019.00000000,
                              "assemblyFee": 0.0
                           },
                           {
                              "component": "MEM",
                              "partNumber": "835955-B21",
                              "offerCode": "offer_80251",
                              "shopName": "HP Inc.",
                              "description": "HPE 16GB (1x16GB) Dual Rank x8 DDR4-2666 CAS-19-19-19 Registered Memory Kit",
                              "shortDescription": "HPE 16GB (1x16GB) Dual Rank x8. . .",
                              "installedQty": 1,
                              "memberQty": 3,
                              "price": 441.00000000,
                              "assemblyFee": 0.0
                           }
                        ]
                     },
                     {
                        "rank": 4,
                        "name": "1 Processor and 192 GB Memory",
                        "attributes": [
                           {
                              "name": "CPU Cores",
                              "code": "COR",
                              "value": 10,
                              "unit": null
                           },
                           {
                              "name": "Memory Capacity",
                              "code": "MCAP",
                              "value": 192,
                              "unit": "GB"
                           }
                        ],
                        "groupMembers": [
                           {
                              "component": "CPU",
                              "partNumber": "876562-B21",
                              "offerCode": "offer_80265",
                              "shopName": "HP Inc.",
                              "description": "HPE DL380 Gen10 Intel Xeon-G 5115 10-Core (2.40GHz 13.75MB L3 Cache) Processor Kit",
                              "shortDescription": "HPE DL380 Gen10 Intel Xeon-G 5. . .",
                              "installedQty": 1,
                              "memberQty": 0,
                              "price": 2019.00000000,
                              "assemblyFee": 0.0
                           },
                           {
                              "component": "MEM",
                              "partNumber": "835955-B21",
                              "offerCode": "offer_80251",
                              "shopName": "HP Inc.",
                              "description": "HPE 16GB (1x16GB) Dual Rank x8 DDR4-2666 CAS-19-19-19 Registered Memory Kit",
                              "shortDescription": "HPE 16GB (1x16GB) Dual Rank x8. . .",
                              "installedQty": 1,
                              "memberQty": 3,
                              "price": 441.00000000,
                              "assemblyFee": 0.0
                           },
                           {
                              "component": "MEM",
                              "partNumber": "815100-B21",
                              "offerCode": "offer_80255",
                              "shopName": "HP Inc.",
                              "description": "HPE 32GB (1 x 32GB) Dual Rank x4 DDR4-2666 CAS-19-19-19 Registered Memory Kit",
                              "shortDescription": "HPE 32GB (1 x 32GB) Dual Rank . . .",
                              "installedQty": 0,
                              "memberQty": 4,
                              "price": 1230.00000000,
                              "assemblyFee": 0.0
                           }
                        ]
                     },
                     {
                        "rank": 5,
                        "name": "1 Processor and 320 GB Memory",
                        "attributes": [
                           {
                              "name": "CPU Cores",
                              "code": "COR",
                              "value": 10,
                              "unit": null
                           },
                           {
                              "name": "Memory Capacity",
                              "code": "MCAP",
                              "value": 320,
                              "unit": "GB"
                           }
                        ],
                        "groupMembers": [
                           {
                              "component": "CPU",
                              "partNumber": "876562-B21",
                              "offerCode": "offer_80265",
                              "shopName": "HP Inc.",
                              "description": "HPE DL380 Gen10 Intel Xeon-G 5115 10-Core (2.40GHz 13.75MB L3 Cache) Processor Kit",
                              "shortDescription": "HPE DL380 Gen10 Intel Xeon-G 5. . .",
                              "installedQty": 1,
                              "memberQty": 0,
                              "price": 2019.00000000,
                              "assemblyFee": 0.0
                           },
                           {
                              "component": "MEM",
                              "partNumber": "835955-B21",
                              "offerCode": "offer_80251",
                              "shopName": "HP Inc.",
                              "description": "HPE 16GB (1x16GB) Dual Rank x8 DDR4-2666 CAS-19-19-19 Registered Memory Kit",
                              "shortDescription": "HPE 16GB (1x16GB) Dual Rank x8. . .",
                              "installedQty": 1,
                              "memberQty": 3,
                              "price": 441.00000000,
                              "assemblyFee": 0.0
                           },
                           {
                              "component": "MEM",
                              "partNumber": "815100-B21",
                              "offerCode": "offer_80255",
                              "shopName": "HP Inc.",
                              "description": "HPE 32GB (1 x 32GB) Dual Rank x4 DDR4-2666 CAS-19-19-19 Registered Memory Kit",
                              "shortDescription": "HPE 32GB (1 x 32GB) Dual Rank . . .",
                              "installedQty": 0,
                              "memberQty": 8,
                              "price": 1230.00000000,
                              "assemblyFee": 0.0
                           }
                        ]
                     },
                     {
                        "rank": 6,
                        "name": "2 Processors and 32 GB Memory",
                        "attributes": [
                           {
                              "name": "CPU Cores",
                              "code": "COR",
                              "value": 20,
                              "unit": null
                           },
                           {
                              "name": "Memory Capacity",
                              "code": "MCAP",
                              "value": 32,
                              "unit": "GB"
                           }
                        ],
                        "groupMembers": [
                           {
                              "component": "CPU",
                              "partNumber": "876562-B21",
                              "offerCode": "offer_80265",
                              "shopName": "HP Inc.",
                              "description": "HPE DL380 Gen10 Intel Xeon-G 5115 10-Core (2.40GHz 13.75MB L3 Cache) Processor Kit",
                              "shortDescription": "HPE DL380 Gen10 Intel Xeon-G 5. . .",
                              "installedQty": 1,
                              "memberQty": 1,
                              "price": 2019.00000000,
                              "assemblyFee": 0.0
                           },
                           {
                              "component": "MEM",
                              "partNumber": "835955-B21",
                              "offerCode": "offer_80251",
                              "shopName": "HP Inc.",
                              "description": "HPE 16GB (1x16GB) Dual Rank x8 DDR4-2666 CAS-19-19-19 Registered Memory Kit",
                              "shortDescription": "HPE 16GB (1x16GB) Dual Rank x8. . .",
                              "installedQty": 1,
                              "memberQty": 1,
                              "price": 441.00000000,
                              "assemblyFee": 0.0
                           }
                        ]
                     },
                     {
                        "rank": 7,
                        "name": "2 Processors and 64 GB Memory",
                        "attributes": [
                           {
                              "name": "CPU Cores",
                              "code": "COR",
                              "value": 20,
                              "unit": null
                           },
                           {
                              "name": "Memory Capacity",
                              "code": "MCAP",
                              "value": 64,
                              "unit": "GB"
                           }
                        ],
                        "groupMembers": [
                           {
                              "component": "CPU",
                              "partNumber": "876562-B21",
                              "offerCode": "offer_80265",
                              "shopName": "HP Inc.",
                              "description": "HPE DL380 Gen10 Intel Xeon-G 5115 10-Core (2.40GHz 13.75MB L3 Cache) Processor Kit",
                              "shortDescription": "HPE DL380 Gen10 Intel Xeon-G 5. . .",
                              "installedQty": 1,
                              "memberQty": 1,
                              "price": 2019.00000000,
                              "assemblyFee": 0.0
                           },
                           {
                              "component": "MEM",
                              "partNumber": "835955-B21",
                              "offerCode": "offer_80251",
                              "shopName": "HP Inc.",
                              "description": "HPE 16GB (1x16GB) Dual Rank x8 DDR4-2666 CAS-19-19-19 Registered Memory Kit",
                              "shortDescription": "HPE 16GB (1x16GB) Dual Rank x8. . .",
                              "installedQty": 1,
                              "memberQty": 3,
                              "price": 441.00000000,
                              "assemblyFee": 0.0
                           }
                        ]
                     },
                     {
                        "rank": 8,
                        "name": "2 Processors and 128 GB Memory",
                        "attributes": [
                           {
                              "name": "CPU Cores",
                              "code": "COR",
                              "value": 20,
                              "unit": null
                           },
                           {
                              "name": "Memory Capacity",
                              "code": "MCAP",
                              "value": 128,
                              "unit": "GB"
                           }
                        ],
                        "groupMembers": [
                           {
                              "component": "CPU",
                              "partNumber": "876562-B21",
                              "offerCode": "offer_80265",
                              "shopName": "HP Inc.",
                              "description": "HPE DL380 Gen10 Intel Xeon-G 5115 10-Core (2.40GHz 13.75MB L3 Cache) Processor Kit",
                              "shortDescription": "HPE DL380 Gen10 Intel Xeon-G 5. . .",
                              "installedQty": 1,
                              "memberQty": 1,
                              "price": 2019.00000000,
                              "assemblyFee": 0.0
                           },
                           {
                              "component": "MEM",
                              "partNumber": "835955-B21",
                              "offerCode": "offer_80251",
                              "shopName": "HP Inc.",
                              "description": "HPE 16GB (1x16GB) Dual Rank x8 DDR4-2666 CAS-19-19-19 Registered Memory Kit",
                              "shortDescription": "HPE 16GB (1x16GB) Dual Rank x8. . .",
                              "installedQty": 1,
                              "memberQty": 7,
                              "price": 441.00000000,
                              "assemblyFee": 0.0
                           }
                        ]
                     },
                     {
                        "rank": 9,
                        "name": "2 Processors and 384 GB Memory",
                        "attributes": [
                           {
                              "name": "CPU Cores",
                              "code": "COR",
                              "value": 20,
                              "unit": null
                           },
                           {
                              "name": "Memory Capacity",
                              "code": "MCAP",
                              "value": 384,
                              "unit": "GB"
                           }
                        ],
                        "groupMembers": [
                           {
                              "component": "CPU",
                              "partNumber": "876562-B21",
                              "offerCode": "offer_80265",
                              "shopName": "HP Inc.",
                              "description": "HPE DL380 Gen10 Intel Xeon-G 5115 10-Core (2.40GHz 13.75MB L3 Cache) Processor Kit",
                              "shortDescription": "HPE DL380 Gen10 Intel Xeon-G 5. . .",
                              "installedQty": 1,
                              "memberQty": 1,
                              "price": 2019.00000000,
                              "assemblyFee": 0.0
                           },
                           {
                              "component": "MEM",
                              "partNumber": "835955-B21",
                              "offerCode": "offer_80251",
                              "shopName": "HP Inc.",
                              "description": "HPE 16GB (1x16GB) Dual Rank x8 DDR4-2666 CAS-19-19-19 Registered Memory Kit",
                              "shortDescription": "HPE 16GB (1x16GB) Dual Rank x8. . .",
                              "installedQty": 1,
                              "memberQty": 7,
                              "price": 441.00000000,
                              "assemblyFee": 0.0
                           },
                           {
                              "component": "MEM",
                              "partNumber": "815100-B21",
                              "offerCode": "offer_80255",
                              "shopName": "HP Inc.",
                              "description": "HPE 32GB (1 x 32GB) Dual Rank x4 DDR4-2666 CAS-19-19-19 Registered Memory Kit",
                              "shortDescription": "HPE 32GB (1 x 32GB) Dual Rank . . .",
                              "installedQty": 0,
                              "memberQty": 8,
                              "price": 1230.00000000,
                              "assemblyFee": 0.0
                           }
                        ]
                     },
                     {
                        "rank": 10,
                        "name": "2 Processors and 640 GB Memory",
                        "attributes": [
                           {
                              "name": "CPU Cores",
                              "code": "COR",
                              "value": 20,
                              "unit": null
                           },
                           {
                              "name": "Memory Capacity",
                              "code": "MCAP",
                              "value": 640,
                              "unit": "GB"
                           }
                        ],
                        "groupMembers": [
                           {
                              "component": "CPU",
                              "partNumber": "876562-B21",
                              "offerCode": "offer_80265",
                              "shopName": "HP Inc.",
                              "description": "HPE DL380 Gen10 Intel Xeon-G 5115 10-Core (2.40GHz 13.75MB L3 Cache) Processor Kit",
                              "shortDescription": "HPE DL380 Gen10 Intel Xeon-G 5. . .",
                              "installedQty": 1,
                              "memberQty": 1,
                              "price": 2019.00000000,
                              "assemblyFee": 0.0
                           },
                           {
                              "component": "MEM",
                              "partNumber": "835955-B21",
                              "offerCode": "offer_80251",
                              "shopName": "HP Inc.",
                              "description": "HPE 16GB (1x16GB) Dual Rank x8 DDR4-2666 CAS-19-19-19 Registered Memory Kit",
                              "shortDescription": "HPE 16GB (1x16GB) Dual Rank x8. . .",
                              "installedQty": 1,
                              "memberQty": 7,
                              "price": 441.00000000,
                              "assemblyFee": 0.0
                           },
                           {
                              "component": "MEM",
                              "partNumber": "815100-B21",
                              "offerCode": "offer_80255",
                              "shopName": "HP Inc.",
                              "description": "HPE 32GB (1 x 32GB) Dual Rank x4 DDR4-2666 CAS-19-19-19 Registered Memory Kit",
                              "shortDescription": "HPE 32GB (1 x 32GB) Dual Rank . . .",
                              "installedQty": 0,
                              "memberQty": 16,
                              "price": 1230.00000000,
                              "assemblyFee": 0.0
                           }
                        ]
                     }
                  ],
                  "options": [],
                  "components": [
                     {
                        "code": "CPU",
                        "rank": 1,
                        "maxQty": 2,
                        "keyAttribute": "COR"
                     },
                     {
                        "code": "MEM",
                        "rank": 2,
                        "maxQty": 24,
                        "keyAttribute": "MCAP"
                     }
                  ],
                  "code": "CPU_MEM",
                  "name": "Processor and Memory",
                  "rank": 1,
                  "mode": "group",
                  "minQty": null,
                  "maxQty": null,
                  "increment": null,
                  "keyAttribute": null
               }
            ]
         }
      }
   ],
   "requestId": "",
   "imageData": {
      "imageType": "GALLERY",
      "format": "superZoom",
      "url": "https://h50003.www5.hpe.com/digmedialib/prodimg/lowres/c04880600.png",
      "altText": null,
      "galleryIndex": null,
      "width": null,
      "playerId": null,
      "bcReferenceId": null,
      "languageCode": null,
      "countryCode": null,
      "dateInserted": 1495978200000
   }
}